[{"model": "admin.logentry", "pk": 1, "fields": {"action_time": "2025-05-27T04:42:57.098Z", "user": 1, "content_type": 7, "object_id": "4", "object_repr": "manoj@gmail.com", "action_flag": 3, "change_message": ""}}, {"model": "admin.logentry", "pk": 2, "fields": {"action_time": "2025-05-28T16:45:36.347Z", "user": 1, "content_type": 8, "object_id": "1", "object_repr": "Category object (1)", "action_flag": 1, "change_message": "[{\"added\": {}}]"}}, {"model": "admin.logentry", "pk": 3, "fields": {"action_time": "2025-05-28T16:45:55.365Z", "user": 1, "content_type": 8, "object_id": "2", "object_repr": "Category object (2)", "action_flag": 1, "change_message": "[{\"added\": {}}]"}}, {"model": "admin.logentry", "pk": 4, "fields": {"action_time": "2025-05-28T16:46:15.756Z", "user": 1, "content_type": 8, "object_id": "3", "object_repr": "Category object (3)", "action_flag": 1, "change_message": "[{\"added\": {}}]"}}, {"model": "admin.logentry", "pk": 5, "fields": {"action_time": "2025-05-28T16:46:45.335Z", "user": 1, "content_type": 8, "object_id": "4", "object_repr": "Category object (4)", "action_flag": 1, "change_message": "[{\"added\": {}}]"}}, {"model": "admin.logentry", "pk": 6, "fields": {"action_time": "2025-05-28T17:12:13.396Z", "user": 1, "content_type": 8, "object_id": "5", "object_repr": "Category object (5)", "action_flag": 1, "change_message": "[{\"added\": {}}]"}}, {"model": "admin.logentry", "pk": 7, "fields": {"action_time": "2025-06-10T11:47:21.893Z", "user": 1, "content_type": 9, "object_id": "1", "object_repr": "TV", "action_flag": 1, "change_message": "[{\"added\": {}}]"}}, {"model": "admin.logentry", "pk": 8, "fields": {"action_time": "2025-06-10T11:57:33.535Z", "user": 1, "content_type": 9, "object_id": "2", "object_repr": "Denim Jacket", "action_flag": 1, "change_message": "[{\"added\": {}}]"}}, {"model": "admin.logentry", "pk": 9, "fields": {"action_time": "2025-06-10T12:00:42.248Z", "user": 1, "content_type": 9, "object_id": "3", "object_repr": "Moisturizer", "action_flag": 1, "change_message": "[{\"added\": {}}]"}}, {"model": "admin.logentry", "pk": 10, "fields": {"action_time": "2025-06-10T12:02:58.137Z", "user": 1, "content_type": 9, "object_id": "4", "object_repr": "home decor", "action_flag": 1, "change_message": "[{\"added\": {}}]"}}, {"model": "auth.permission", "pk": 1, "fields": {"name": "Can add log entry", "content_type": 1, "codename": "add_logentry"}}, {"model": "auth.permission", "pk": 2, "fields": {"name": "Can change log entry", "content_type": 1, "codename": "change_logentry"}}, {"model": "auth.permission", "pk": 3, "fields": {"name": "Can delete log entry", "content_type": 1, "codename": "delete_logentry"}}, {"model": "auth.permission", "pk": 4, "fields": {"name": "Can view log entry", "content_type": 1, "codename": "view_logentry"}}, {"model": "auth.permission", "pk": 5, "fields": {"name": "Can add permission", "content_type": 2, "codename": "add_permission"}}, {"model": "auth.permission", "pk": 6, "fields": {"name": "Can change permission", "content_type": 2, "codename": "change_permission"}}, {"model": "auth.permission", "pk": 7, "fields": {"name": "Can delete permission", "content_type": 2, "codename": "delete_permission"}}, {"model": "auth.permission", "pk": 8, "fields": {"name": "Can view permission", "content_type": 2, "codename": "view_permission"}}, {"model": "auth.permission", "pk": 9, "fields": {"name": "Can add group", "content_type": 3, "codename": "add_group"}}, {"model": "auth.permission", "pk": 10, "fields": {"name": "Can change group", "content_type": 3, "codename": "change_group"}}, {"model": "auth.permission", "pk": 11, "fields": {"name": "Can delete group", "content_type": 3, "codename": "delete_group"}}, {"model": "auth.permission", "pk": 12, "fields": {"name": "Can view group", "content_type": 3, "codename": "view_group"}}, {"model": "auth.permission", "pk": 13, "fields": {"name": "Can add user", "content_type": 4, "codename": "add_user"}}, {"model": "auth.permission", "pk": 14, "fields": {"name": "Can change user", "content_type": 4, "codename": "change_user"}}, {"model": "auth.permission", "pk": 15, "fields": {"name": "Can delete user", "content_type": 4, "codename": "delete_user"}}, {"model": "auth.permission", "pk": 16, "fields": {"name": "Can view user", "content_type": 4, "codename": "view_user"}}, {"model": "auth.permission", "pk": 17, "fields": {"name": "Can add content type", "content_type": 5, "codename": "add_contenttype"}}, {"model": "auth.permission", "pk": 18, "fields": {"name": "Can change content type", "content_type": 5, "codename": "change_contenttype"}}, {"model": "auth.permission", "pk": 19, "fields": {"name": "Can delete content type", "content_type": 5, "codename": "delete_contenttype"}}, {"model": "auth.permission", "pk": 20, "fields": {"name": "Can view content type", "content_type": 5, "codename": "view_contenttype"}}, {"model": "auth.permission", "pk": 21, "fields": {"name": "Can add session", "content_type": 6, "codename": "add_session"}}, {"model": "auth.permission", "pk": 22, "fields": {"name": "Can change session", "content_type": 6, "codename": "change_session"}}, {"model": "auth.permission", "pk": 23, "fields": {"name": "Can delete session", "content_type": 6, "codename": "delete_session"}}, {"model": "auth.permission", "pk": 24, "fields": {"name": "Can view session", "content_type": 6, "codename": "view_session"}}, {"model": "auth.permission", "pk": 25, "fields": {"name": "Can add registration", "content_type": 7, "codename": "add_registration"}}, {"model": "auth.permission", "pk": 26, "fields": {"name": "Can change registration", "content_type": 7, "codename": "change_registration"}}, {"model": "auth.permission", "pk": 27, "fields": {"name": "Can delete registration", "content_type": 7, "codename": "delete_registration"}}, {"model": "auth.permission", "pk": 28, "fields": {"name": "Can view registration", "content_type": 7, "codename": "view_registration"}}, {"model": "auth.permission", "pk": 29, "fields": {"name": "Can add category", "content_type": 8, "codename": "add_category"}}, {"model": "auth.permission", "pk": 30, "fields": {"name": "Can change category", "content_type": 8, "codename": "change_category"}}, {"model": "auth.permission", "pk": 31, "fields": {"name": "Can delete category", "content_type": 8, "codename": "delete_category"}}, {"model": "auth.permission", "pk": 32, "fields": {"name": "Can view category", "content_type": 8, "codename": "view_category"}}, {"model": "auth.permission", "pk": 33, "fields": {"name": "Can add product", "content_type": 9, "codename": "add_product"}}, {"model": "auth.permission", "pk": 34, "fields": {"name": "Can change product", "content_type": 9, "codename": "change_product"}}, {"model": "auth.permission", "pk": 35, "fields": {"name": "Can delete product", "content_type": 9, "codename": "delete_product"}}, {"model": "auth.permission", "pk": 36, "fields": {"name": "Can view product", "content_type": 9, "codename": "view_product"}}, {"model": "auth.permission", "pk": 37, "fields": {"name": "Can add expense", "content_type": 10, "codename": "add_expense"}}, {"model": "auth.permission", "pk": 38, "fields": {"name": "Can change expense", "content_type": 10, "codename": "change_expense"}}, {"model": "auth.permission", "pk": 39, "fields": {"name": "Can delete expense", "content_type": 10, "codename": "delete_expense"}}, {"model": "auth.permission", "pk": 40, "fields": {"name": "Can view expense", "content_type": 10, "codename": "view_expense"}}, {"model": "auth.permission", "pk": 41, "fields": {"name": "Can add income", "content_type": 11, "codename": "add_income"}}, {"model": "auth.permission", "pk": 42, "fields": {"name": "Can change income", "content_type": 11, "codename": "change_income"}}, {"model": "auth.permission", "pk": 43, "fields": {"name": "Can delete income", "content_type": 11, "codename": "delete_income"}}, {"model": "auth.permission", "pk": 44, "fields": {"name": "Can view income", "content_type": 11, "codename": "view_income"}}, {"model": "auth.permission", "pk": 45, "fields": {"name": "Can add lending", "content_type": 12, "codename": "add_lending"}}, {"model": "auth.permission", "pk": 46, "fields": {"name": "Can change lending", "content_type": 12, "codename": "change_lending"}}, {"model": "auth.permission", "pk": 47, "fields": {"name": "Can delete lending", "content_type": 12, "codename": "delete_lending"}}, {"model": "auth.permission", "pk": 48, "fields": {"name": "Can view lending", "content_type": 12, "codename": "view_lending"}}, {"model": "auth.permission", "pk": 49, "fields": {"name": "Can add group member", "content_type": 13, "codename": "add_groupmember"}}, {"model": "auth.permission", "pk": 50, "fields": {"name": "Can change group member", "content_type": 13, "codename": "change_groupmember"}}, {"model": "auth.permission", "pk": 51, "fields": {"name": "Can delete group member", "content_type": 13, "codename": "delete_groupmember"}}, {"model": "auth.permission", "pk": 52, "fields": {"name": "Can view group member", "content_type": 13, "codename": "view_groupmember"}}, {"model": "auth.permission", "pk": 53, "fields": {"name": "Can add group expense", "content_type": 14, "codename": "add_groupexpense"}}, {"model": "auth.permission", "pk": 54, "fields": {"name": "Can change group expense", "content_type": 14, "codename": "change_groupexpense"}}, {"model": "auth.permission", "pk": 55, "fields": {"name": "Can delete group expense", "content_type": 14, "codename": "delete_groupexpense"}}, {"model": "auth.permission", "pk": 56, "fields": {"name": "Can view group expense", "content_type": 14, "codename": "view_groupexpense"}}, {"model": "auth.permission", "pk": 57, "fields": {"name": "Can add group expense split", "content_type": 15, "codename": "add_groupexpensesplit"}}, {"model": "auth.permission", "pk": 58, "fields": {"name": "Can change group expense split", "content_type": 15, "codename": "change_groupexpensesplit"}}, {"model": "auth.permission", "pk": 59, "fields": {"name": "Can delete group expense split", "content_type": 15, "codename": "delete_groupexpensesplit"}}, {"model": "auth.permission", "pk": 60, "fields": {"name": "Can view group expense split", "content_type": 15, "codename": "view_groupexpensesplit"}}, {"model": "auth.permission", "pk": 61, "fields": {"name": "Can add group", "content_type": 16, "codename": "add_group"}}, {"model": "auth.permission", "pk": 62, "fields": {"name": "Can change group", "content_type": 16, "codename": "change_group"}}, {"model": "auth.permission", "pk": 63, "fields": {"name": "Can delete group", "content_type": 16, "codename": "delete_group"}}, {"model": "auth.permission", "pk": 64, "fields": {"name": "Can view group", "content_type": 16, "codename": "view_group"}}, {"model": "auth.permission", "pk": 65, "fields": {"name": "Can add site", "content_type": 17, "codename": "add_site"}}, {"model": "auth.permission", "pk": 66, "fields": {"name": "Can change site", "content_type": 17, "codename": "change_site"}}, {"model": "auth.permission", "pk": 67, "fields": {"name": "Can delete site", "content_type": 17, "codename": "delete_site"}}, {"model": "auth.permission", "pk": 68, "fields": {"name": "Can view site", "content_type": 17, "codename": "view_site"}}, {"model": "auth.permission", "pk": 69, "fields": {"name": "Can add email address", "content_type": 18, "codename": "add_emailaddress"}}, {"model": "auth.permission", "pk": 70, "fields": {"name": "Can change email address", "content_type": 18, "codename": "change_emailaddress"}}, {"model": "auth.permission", "pk": 71, "fields": {"name": "Can delete email address", "content_type": 18, "codename": "delete_emailaddress"}}, {"model": "auth.permission", "pk": 72, "fields": {"name": "Can view email address", "content_type": 18, "codename": "view_emailaddress"}}, {"model": "auth.permission", "pk": 73, "fields": {"name": "Can add email confirmation", "content_type": 19, "codename": "add_emailconfirmation"}}, {"model": "auth.permission", "pk": 74, "fields": {"name": "Can change email confirmation", "content_type": 19, "codename": "change_emailconfirmation"}}, {"model": "auth.permission", "pk": 75, "fields": {"name": "Can delete email confirmation", "content_type": 19, "codename": "delete_emailconfirmation"}}, {"model": "auth.permission", "pk": 76, "fields": {"name": "Can view email confirmation", "content_type": 19, "codename": "view_emailconfirmation"}}, {"model": "auth.permission", "pk": 77, "fields": {"name": "Can add social account", "content_type": 20, "codename": "add_socialaccount"}}, {"model": "auth.permission", "pk": 78, "fields": {"name": "Can change social account", "content_type": 20, "codename": "change_socialaccount"}}, {"model": "auth.permission", "pk": 79, "fields": {"name": "Can delete social account", "content_type": 20, "codename": "delete_socialaccount"}}, {"model": "auth.permission", "pk": 80, "fields": {"name": "Can view social account", "content_type": 20, "codename": "view_socialaccount"}}, {"model": "auth.permission", "pk": 81, "fields": {"name": "Can add social application", "content_type": 21, "codename": "add_socialapp"}}, {"model": "auth.permission", "pk": 82, "fields": {"name": "Can change social application", "content_type": 21, "codename": "change_socialapp"}}, {"model": "auth.permission", "pk": 83, "fields": {"name": "Can delete social application", "content_type": 21, "codename": "delete_socialapp"}}, {"model": "auth.permission", "pk": 84, "fields": {"name": "Can view social application", "content_type": 21, "codename": "view_socialapp"}}, {"model": "auth.permission", "pk": 85, "fields": {"name": "Can add social application token", "content_type": 22, "codename": "add_socialtoken"}}, {"model": "auth.permission", "pk": 86, "fields": {"name": "Can change social application token", "content_type": 22, "codename": "change_socialtoken"}}, {"model": "auth.permission", "pk": 87, "fields": {"name": "Can delete social application token", "content_type": 22, "codename": "delete_socialtoken"}}, {"model": "auth.permission", "pk": 88, "fields": {"name": "Can view social application token", "content_type": 22, "codename": "view_socialtoken"}}, {"model": "auth.user", "pk": 1, "fields": {"password": "pbkdf2_sha256$1000000$cRR6jUVekdG2MWZt6tC9M2$dDxthvwlrT4MLnQQY23PdileoNoj/pwHKkU6aEMSZG0=", "last_login": "2025-10-09T15:56:51.673Z", "is_superuser": true, "username": "admin", "first_name": "", "last_name": "", "email": "", "is_staff": true, "is_active": true, "date_joined": "2025-05-25T18:01:18.998Z", "groups": [], "user_permissions": []}}, {"model": "auth.user", "pk": 2, "fields": {"password": "pbkdf2_sha256$1000000$QPU5iS6c0O5JcDymL0ckqB$h9zIPV+i4TbtXCRlKMzJ+B/a74HYR8B3PmRSE5GUgds=", "last_login": "2025-08-09T08:48:30.954Z", "is_superuser": true, "username": "Fadmin", "first_name": "", "last_name": "", "email": "", "is_staff": true, "is_active": true, "date_joined": "2025-08-09T08:45:47.484Z", "groups": [], "user_permissions": []}}, {"model": "contenttypes.contenttype", "pk": 1, "fields": {"app_label": "admin", "model": "logentry"}}, {"model": "contenttypes.contenttype", "pk": 2, "fields": {"app_label": "auth", "model": "permission"}}, {"model": "contenttypes.contenttype", "pk": 3, "fields": {"app_label": "auth", "model": "group"}}, {"model": "contenttypes.contenttype", "pk": 4, "fields": {"app_label": "auth", "model": "user"}}, {"model": "contenttypes.contenttype", "pk": 5, "fields": {"app_label": "contenttypes", "model": "contenttype"}}, {"model": "contenttypes.contenttype", "pk": 6, "fields": {"app_label": "sessions", "model": "session"}}, {"model": "contenttypes.contenttype", "pk": 7, "fields": {"app_label": "project_app", "model": "registration"}}, {"model": "contenttypes.contenttype", "pk": 8, "fields": {"app_label": "project_app", "model": "category"}}, {"model": "contenttypes.contenttype", "pk": 9, "fields": {"app_label": "project_app", "model": "product"}}, {"model": "contenttypes.contenttype", "pk": 10, "fields": {"app_label": "project_app", "model": "expense"}}, {"model": "contenttypes.contenttype", "pk": 11, "fields": {"app_label": "project_app", "model": "income"}}, {"model": "contenttypes.contenttype", "pk": 12, "fields": {"app_label": "project_app", "model": "lending"}}, {"model": "contenttypes.contenttype", "pk": 13, "fields": {"app_label": "project_app", "model": "groupmember"}}, {"model": "contenttypes.contenttype", "pk": 14, "fields": {"app_label": "project_app", "model": "groupexpense"}}, {"model": "contenttypes.contenttype", "pk": 15, "fields": {"app_label": "project_app", "model": "groupexpensesplit"}}, {"model": "contenttypes.contenttype", "pk": 16, "fields": {"app_label": "project_app", "model": "group"}}, {"model": "contenttypes.contenttype", "pk": 17, "fields": {"app_label": "sites", "model": "site"}}, {"model": "contenttypes.contenttype", "pk": 18, "fields": {"app_label": "account", "model": "emailaddress"}}, {"model": "contenttypes.contenttype", "pk": 19, "fields": {"app_label": "account", "model": "emailconfirmation"}}, {"model": "contenttypes.contenttype", "pk": 20, "fields": {"app_label": "socialaccount", "model": "socialaccount"}}, {"model": "contenttypes.contenttype", "pk": 21, "fields": {"app_label": "socialaccount", "model": "socialapp"}}, {"model": "contenttypes.contenttype", "pk": 22, "fields": {"app_label": "socialaccount", "model": "socialtoken"}}, {"model": "sessions.session", "pk": "1y8o14e7uvrkqfia5vfrbwn3rw0fipki", "fields": {"session_data": ".eJxVjkkOwjAMRe-SNYpaJ24bVog9Z4jsDE2htFKHBULcnUTqApZ_8Pt-C0v7luy-hsUOXpxFLU6_HpN7hKkE_k5TP0s3T9sysCwVeaSrvM0-jNej-wdItKZ83bBqteqMcxobwhYAUZNGAKogMCjjnenq0NaNZzCRO4QISlVRGcZoMjTk4ZcNTxrGDExlbLn0ReannuLzBYywQpc:1v6ufo:8yV1lGGEv7z0730aF3i8d6IsvqJB7z85Vc20Oa23AUM", "expire_date": "2025-10-23T17:43:28.674Z"}}, {"model": "sessions.session", "pk": "5a2k20l951083j6jaywzos69rg1mtp8q", "fields": {"session_data": "e30:1v0bWP:F_u-rSrLAguJb4uZEWpuaL4DCc2PURlr1Hg4Qe6byZI", "expire_date": "2025-10-06T08:03:41.967Z"}}, {"model": "sessions.session", "pk": "6mwxmzcfoxdb5fdtdo4bli7ubb6avysp", "fields": {"session_data": "eyJlbnRyeV9lbWFpbCI6ImFiY2RAZ21haWwuY29tIn0:1uesy4:HoGa20Is8_e43vxJwx13A_LvBThkYg4c2WBdqhQjfHY", "expire_date": "2025-08-07T10:14:28.117Z"}}, {"model": "sessions.session", "pk": "6n737n1m5f69cxcabnsxw2fxrh1mue9o", "fields": {"session_data": ".eJxVjkkOwjAMRe-SNYpaJ24bVog9Z4jsDE2htFKHBULcnUTqApZ_8Pt-C0v7luy-hsUOXpxFLU6_HpN7hKkE_k5TP0s3T9sysCwVeaSrvM0-jNej-wdItKZ83bBqteqMcxobwhYAUZNGAKogMCjjnenq0NaNZzCRO4QISlVRGcZoMjTk4ZcNTxrGDExlbLn0ReannuLzBYywQpc:1upltY:JTWVr9WF_TkYt10B-f4Ww47ROO-WWfKI0JPFt4kNzjg", "expire_date": "2025-09-06T10:54:48.674Z"}}, {"model": "sessions.session", "pk": "8uhuqr3zs8balr020zm21o8nqwy8picj", "fields": {"session_data": "eyJlbnRyeV9lbWFpbCI6ImFiY2RAZ21haWwuY29tIn0:1ughOc:JfnRKuuy-EHOgLVIy5gXcbdoc1ojo8H-Vq9-uiG-mjo", "expire_date": "2025-08-12T10:17:22.369Z"}}, {"model": "sessions.session", "pk": "94yrnqazz0p8kzkt5r0bteund7oy8297", "fields": {"session_data": ".eJxVjEEOwiAQAP_C2RAWCt169N43kIVdbNW0SWlPxr8bkh70OjOZt4p07FM8qmxxZnVVoC6_LFF-ytIEP2i5rzqvy77NSbdEn7bqcWV53c72bzBRndpWAJAKSG8RxRBbY8JgLIMMXFxGX5w4NDRgD6mzgXLm4BN46bAwq88X2MU3_g:1uKJtg:l5QE2JGbxdkva9W51H3ZwIi1PywyT0-Wx-gd76k_xCk", "expire_date": "2025-06-11T16:44:56.181Z"}}, {"model": "sessions.session", "pk": "b5vertfif7o4j0eo35lvy3a3h8yrgkuz", "fields": {"session_data": "eyJlbnRyeV9lbWFpbCI6Inh5ekBnbWFpbC5jb20ifQ:1upTjm:CBoZjZbLQ3dpz4YCGCidexx0u0G5Owbhwu00Ci746BA", "expire_date": "2025-09-05T15:31:30.215Z"}}, {"model": "sessions.session", "pk": "bsliaeanlh12keb1h75e5d7tv1r615i1", "fields": {"session_data": ".eJxVjEEOwiAQRe_C2hAYGNq6dN8zkAEGqZqSlHZlvLtt0oVu_3vvv4WnbS1-a7z4KYmr0OLyuwWKT54PkB4036uMdV6XKchDkSdtcqyJX7fT_Tso1MpeM4OywQwOSeGQDaSe9KDYUAhR9VkZQIMdRO0sAbCL2YTUWdxVQI3i8wXSxDco:1uJFfB:X2rjeUZWoJuIaldzplNuf_40ZXnuuD8u4qQPXwibJnk", "expire_date": "2025-06-08T18:01:33.433Z"}}, {"model": "sessions.session", "pk": "hafw3nbuds1xwo4s43srctref2huggpp", "fields": {"session_data": ".eJxVjkkOwjAMRe-SNYqaDqnLCrHnDJFjpwN0kDpIFMTdcaQuYGH5y__72W_lcFtbty1hdh2rszLq9DvzSI8wRoPvODaTpmlc587rGNGHu-jbxKG_Htk_QItLK9tIhqDOqMKSgWPLa19IlUBsoQRr69RTVhhbASUhRTZZBeyD6DzxAg1yeHdhwK4X4HN_XZqo5aNBfb5RXkNM:1ugRA1:u28NKn1K_clw367C-hzsYEYTM5hnFfJOJO8r3bTSHqM", "expire_date": "2025-08-11T16:57:13.727Z"}}, {"model": "sessions.session", "pk": "i0dizhil9raxjixyd5erxyxn0ft4tg6f", "fields": {"session_data": "eyJlbnRyeV9lbWFpbCI6ImhhY2tlckBnbWFpbC5jb20ifQ:1uq8y0:znfnj86a6DyLGPe_N5rCEsk2h2ZFl_aZkWPRuMuxXUQ", "expire_date": "2025-09-07T11:32:56.863Z"}}, {"model": "sessions.session", "pk": "onzfaa1p0b5d1copzu8uybsdjpstet92", "fields": {"session_data": ".eJxVjMsOgyAURP-FdUNAQLCrpvt-A-F6L2qrmPhIapv-ezFx424y58x8GaVl2jwNoevZlb23z63ZM6_HgV2YD-vS-nWmyXeYuTx3EOoXpR3gM6RmzKt81wHfFX7QmT9GpP5-uKeDNsxtXlsRVYWFCYUQEDFo45wDoWWpKiVFYazRBFbVGqxU6KooYnRWEJItoST2-wOMOEHy:1uozN3:01_qazfKR0TDo6sq8U9uIFNxkaDzVAbrdweOatkcxBQ", "expire_date": "2025-09-04T07:06:01.121Z"}}, {"model": "sessions.session", "pk": "or6m3y8bfwpk7vxetzxifg96gff3xvo8", "fields": {"session_data": "eyJlbnRyeV9lbWFpbCI6ImFiY2RAZ21haWwuY29tIn0:1uervW:GZV6jikPDr7uVj_rYlsEgfDXT80Yc2C-yUTc9RUE7Fo", "expire_date": "2025-08-07T09:07:46.114Z"}}, {"model": "sessions.session", "pk": "oxekmglf2pzlkfb3i946eqjqnv4et0zw", "fields": {"session_data": "eyJlbnRyeV9lbWFpbCI6ImFiY2RAZ21haWwuY29tIn0:1ughbt:zF--RBivGOo4hGqV1JmRfrBDuMgS4nhu16QT7uAMO3A", "expire_date": "2025-08-12T10:31:05.126Z"}}, {"model": "sessions.session", "pk": "p08bqmmoaiwh5f0d8cd8f3c48uopckl4", "fields": {"session_data": "eyJlbnRyeV9lbWFpbCI6ImhhY2tlckBnbWFpbC5jb20ifQ:1usMXa:sL5W7PSrIrVutF9ifH3zp7mA4IJBFpjYyF9-Xo7xOB4", "expire_date": "2025-09-13T14:26:50.044Z"}}, {"model": "sessions.session", "pk": "rn13fipf8n1sujgut1ql6541yzd9drd1", "fields": {"session_data": "eyJlbnRyeV9lbWFpbCI6ImFzZEBnbWFpbC5jb20ifQ:1uqREB:AT6lw42ef-a0Kwy6ioMw7DK0uVel0fjqDrvz3MSXLKU", "expire_date": "2025-09-08T07:02:51.756Z"}}, {"model": "sessions.session", "pk": "utmoybdiy518c9jg3h33u53u7jixlspl", "fields": {"session_data": ".eJyt0ttu4jAQBuB38TWKHJ_NHWULIrRpAy1Uu6qQY0JrEuKcS4t49zraRyB3I_0Xn2b-uYDaaqMypbVt82ZXN6pJajC-gEm9TtTU6iI7t1Vq5mD87wKKyuqkdjnI7IfJwQjsVaPAOG-zbASKVCc7bffJrksqczBJ9T-5jnzOIObC59CTPkGCvo9AYHQcdKH-Q7ar6TPcDAEgn3iQEujjXgi_z2pxLqOVLh_jw2Nws0AQYpR4UjApKHLCNkxLeJ59n1IC89nibRBBIA8iASl3ADVTPA8XcXss_-IJZcMA1OMSMjc4YUHhQZnlsnj2J93TQ3i7gBlm0pMMMsmJEzq1fUnTI9cbfG_X8ecgAu-PRBHtV_iMyhlbf31hEU2r4OP2V3UAl-5IPmaC9TVEDxuyn2e8eanfTln9OoQguPAkR5CJfoeCFGhbBCeT_8DWdqshBIl9j1MuuWROUFbk8zt2jJcRJU_h_QACh9TVQCGSEr1fr7-7qmHG:1v9LDi:SkVnW8DOtFRpvUhjs6Zr85qVOI_UQyCrOg9sXusarTs", "expire_date": "2025-10-30T10:28:30.705Z"}}, {"model": "sessions.session", "pk": "w8ufva687k2cp2ni58m57a5d9pvl2873", "fields": {"session_data": "eyJlbnRyeV9lbWFpbCI6Inh5ekBnbWFpbC5jb20ifQ:1upRp2:NbvXDrgnLZdd71kE9Dq0TpcGg2H6CWyALvIiM2FNMQk", "expire_date": "2025-09-05T13:28:48.450Z"}}, {"model": "sessions.session", "pk": "wwk199229lcbedlijsqqdcl7h0l7m0jk", "fields": {"session_data": ".eJxVjDsOwjAQRO_iGlnxxiQ2FaLnDNaud50E8pHyKRDi7jhSmpQz8-Z9lYzr_AkyYNerm0KKfG_2oOM0qIsKuK1t2BaZQ8cZgHNHGN8y7gO_cGym_Mq-jvSO6GNd9HNi6R8HexK0uLT57Wuukq9KZ5nAe3IEYKkA401tGaJDKRx7QyZVJbirL6MBk2wpVhJyrX5_sJJCGg:1ukfFe:nFUWS3VFvWZIoWLnrbtb2g6zhqBNLJHudgnZrdAhokI", "expire_date": "2025-08-23T08:48:30.966Z"}}, {"model": "sessions.session", "pk": "xglhj392qepwff63lhvxuo9yvdahe4hp", "fields": {"session_data": ".eJxVzEEOgyAQheG7sG4ISqHQVdN9z2AGZhCsxURw1fTuVePG7fzfmy9bCs0dLDVSrslDJWR3NsNAJT76D6SR--nDLmw33a7TRprzzYF_U94CDpD7aV3lOifHN8KPWvhrQhqfhz09iFDiupYCDBKgNu6mgvJSeScah41tUZO3xrcktbgKFSwGtIG0kV4ArDFAAPb7AwdWR_Y:1uRZ4Y:vzAbLXxruwNBHLj2RTcOolG3cNWA1WUeXf706veadLk", "expire_date": "2025-07-01T16:22:06.804Z"}}, {"model": "sessions.session", "pk": "zcapztec9v9958hfy0o0363q97xyioub", "fields": {"session_data": ".eJxVjkkOwjAMRe-SNYpaJ24bVog9Z4jsDE2htFKHBULcnUTqApZ_8Pt-C0v7luy-hsUOXpxFLU6_HpN7hKkE_k5TP0s3T9sysCwVeaSrvM0-jNej-wdItKZ83bBqteqMcxobwhYAUZNGAKogMCjjnenq0NaNZzCRO4QISlVRGcZoMjTk4ZcNTxrGDExlbLn0ReannuLzBYywQpc:1v0aVk:gB0vcEbT8Xgdvl-Hfp3Rka-NwedhYZ0SzCXgNcraSHI", "expire_date": "2025-10-06T06:58:56.078Z"}}, {"model": "sites.site", "pk": 1, "fields": {"domain": "example.com", "name": "example.com"}}, {"model": "project_app.registration", "pk": 1, "fields": {"name": "cspit", "email": "cspit@gmail.com", "phone_no": "9974115104", "password": "cspit123", "address": "Vadodara"}}, {"model": "project_app.registration", "pk": 2, "fields": {"name": "depstar", "email": "depstar@gmail.com", "phone_no": "9845567815", "password": "depstar123", "address": "jamnager"}}, {"model": "project_app.registration", "pk": 3, "fields": {"name": "manoj", "email": "manoj@gmail.com", "phone_no": "9856252634", "password": "manoj123", "address": "jamnagar"}}, {"model": "project_app.registration", "pk": 5, "fields": {"name": "tirth", "email": "tirth@gmail.com", "phone_no": "9856252634", "password": "tirth123", "address": "jamnagar"}}, {"model": "project_app.registration", "pk": 6, "fields": {"name": "rakesh", "email": "rakesh@gmail.com", "phone_no": "8978902345", "password": "rakesh123", "address": "mumbai"}}, {"model": "project_app.registration", "pk": 7, "fields": {"name": "ram", "email": "ram@gmail.com", "phone_no": "8945122648", "password": "ram123", "address": "rajkot"}}, {"model": "project_app.registration", "pk": 8, "fields": {"name": "ramesh", "email": "ramesh@gmail.com", "phone_no": "1514131678", "password": "ramesh123", "address": "morbi"}}, {"model": "project_app.registration", "pk": 9, "fields": {"name": "rajesh", "email": "rajesh@gmail.com", "phone_no": "9974115104", "password": "rajesh123", "address": "Vadodara"}}, {"model": "project_app.registration", "pk": 10, "fields": {"name": "manoj", "email": "manoj123@gmail.com", "phone_no": "9974115104", "password": "manoj345", "address": "Vadodara"}}, {"model": "project_app.registration", "pk": 11, "fields": {"name": "shyam", "email": "shyam@gmail.com", "phone_no": "1514131678", "password": "shyam123", "address": "morbi"}}, {"model": "project_app.registration", "pk": 12, "fields": {"name": "pepo", "email": "pepo@gmail.com", "phone_no": "2345785612", "password": "pepo123", "address": "chnaga"}}, {"model": "project_app.registration", "pk": 13, "fields": {"name": "ABC", "email": "abcd@gmail.com", "phone_no": "1234567891", "password": "1234", "address": "Rajkot"}}, {"model": "project_app.registration", "pk": 14, "fields": {"name": "xyz", "email": "xyz@gmail.com", "phone_no": "8945562310", "password": "1234", "address": "wq"}}, {"model": "project_app.registration", "pk": 15, "fields": {"name": "Hacker", "email": "hacker@gmail.com", "phone_no": "1234567891", "password": "1234", "address": "Under World"}}, {"model": "project_app.registration", "pk": 16, "fields": {"name": "asd", "email": "asd@gmail.com", "phone_no": "1234567891", "password": "1234", "address": "sdfs"}}, {"model": "project_app.registration", "pk": 17, "fields": {"name": "wrwerq", "email": "hevopo8508@aiwanlab.com", "phone_no": "5448944654", "password": "123456", "address": ""}}, {"model": "project_app.registration", "pk": 18, "fields": {"name": "jhonweak", "email": "pqrst@gmail.com", "phone_no": "4556897520", "password": "Jhon@3434", "address": ""}}, {"model": "project_app.registration", "pk": 19, "fields": {"name": "path kalavadiya", "email": "kalavadiya2006@gmail.com", "phone_no": "8956231425", "password": "Path&4545", "address": ""}}, {"model": "project_app.expense", "pk": 1, "fields": {"user": null, "amount": "10000.00", "description": "5tyj", "date": null, "currency": "USD", "category": "Food", "created_at": "2025-07-22T17:55:30.682Z", "updated_at": "2025-08-24T11:36:58.291Z"}}, {"model": "project_app.expense", "pk": 2, "fields": {"user": null, "amount": "10000.00", "description": "5tyj", "date": null, "currency": "INR", "category": "Transport", "created_at": "2025-07-23T17:06:00.471Z", "updated_at": "2025-08-24T11:36:58.291Z"}}, {"model": "project_app.expense", "pk": 3, "fields": {"user": null, "amount": "10000.00", "description": "study", "date": null, "currency": "INR", "category": "Other", "created_at": "2025-07-23T17:55:22.705Z", "updated_at": "2025-08-24T11:36:58.291Z"}}, {"model": "project_app.expense", "pk": 5, "fields": {"user": 13, "amount": "10000.00", "description": "study", "date": null, "currency": "USD", "category": "Other", "created_at": "2025-07-28T07:43:26.795Z", "updated_at": "2025-08-24T11:36:58.291Z"}}, {"model": "project_app.expense", "pk": 7, "fields": {"user": 15, "amount": "20.00", "description": "soda", "date": null, "currency": "INR", "category": "food", "created_at": "2025-08-23T11:00:26.498Z", "updated_at": "2025-08-24T11:36:58.291Z"}}, {"model": "project_app.expense", "pk": 8, "fields": {"user": 15, "amount": "4000.00", "description": "ml;'", "date": "2025-08-07", "currency": "INR", "category": "Housing", "created_at": "2025-08-23T13:34:38.091Z", "updated_at": "2025-08-24T11:36:58.291Z"}}, {"model": "project_app.expense", "pk": 9, "fields": {"user": 15, "amount": "900.00", "description": "guog", "date": "2025-07-18", "currency": "INR", "category": "Entertainment", "created_at": "2025-08-23T13:35:05.047Z", "updated_at": "2025-08-24T11:36:58.291Z"}}, {"model": "project_app.expense", "pk": 10, "fields": {"user": 15, "amount": "1000.00", "description": "hli;h", "date": "2025-06-19", "currency": "INR", "category": "Shopping", "created_at": "2025-08-23T13:35:24.492Z", "updated_at": "2025-08-24T11:36:58.291Z"}}, {"model": "project_app.expense", "pk": 11, "fields": {"user": 15, "amount": "10000.00", "description": "adsfn", "date": "2025-08-24", "currency": "INR", "category": "Other", "created_at": "2025-08-24T09:16:36.769Z", "updated_at": "2025-08-24T11:36:58.291Z"}}, {"model": "project_app.expense", "pk": 12, "fields": {"user": 14, "amount": "100.00", "description": "5tyj", "date": "2025-08-24", "currency": "INR", "category": "Transport", "created_at": "2025-08-24T16:42:42.574Z", "updated_at": "2025-08-24T16:42:42.574Z"}}, {"model": "project_app.expense", "pk": 13, "fields": {"user": 14, "amount": "50000.00", "description": "nice ", "date": "2025-08-24", "currency": "INR", "category": "Food", "created_at": "2025-08-24T16:51:11.336Z", "updated_at": "2025-08-24T16:51:11.336Z"}}, {"model": "project_app.expense", "pk": 15, "fields": {"user": 14, "amount": "20000.00", "description": "nice", "date": "2025-10-12", "currency": "INR", "category": "Healthcare", "created_at": "2025-10-12T16:00:19.798Z", "updated_at": "2025-10-12T16:00:19.798Z"}}, {"model": "project_app.expense", "pk": 16, "fields": {"user": 14, "amount": "40000.00", "description": "icecream", "date": "2025-10-12", "currency": "INR", "category": "Entertainment", "created_at": "2025-10-12T16:00:37.736Z", "updated_at": "2025-10-12T16:00:37.736Z"}}, {"model": "project_app.expense", "pk": 17, "fields": {"user": 14, "amount": "70000.00", "description": "vadapav", "date": "2025-10-12", "currency": "INR", "category": "Education", "created_at": "2025-10-12T16:00:57.113Z", "updated_at": "2025-10-12T16:00:57.113Z"}}, {"model": "project_app.income", "pk": 2, "fields": {"user": 13, "amount": "100000.00", "description": "hgh", "date": null, "currency": "USD", "category": "Business", "created_at": "2025-07-28T07:48:22.953Z", "updated_at": "2025-08-24T11:36:58.304Z"}}, {"model": "project_app.income", "pk": 6, "fields": {"user": 15, "amount": "1000.00", "description": "fwer", "date": null, "currency": "INR", "category": "business", "created_at": "2025-08-23T10:59:50.004Z", "updated_at": "2025-08-24T11:36:58.304Z"}}, {"model": "project_app.income", "pk": 7, "fields": {"user": 15, "amount": "20000.00", "description": "fhdfgh", "date": null, "currency": "INR", "category": "Freelance", "created_at": "2025-08-23T13:13:30.883Z", "updated_at": "2025-08-24T11:36:58.304Z"}}, {"model": "project_app.income", "pk": 8, "fields": {"user": 15, "amount": "500.00", "description": "fyu", "date": "2025-08-07", "currency": "INR", "category": "Business", "created_at": "2025-08-23T13:32:48.857Z", "updated_at": "2025-08-24T11:36:58.304Z"}}, {"model": "project_app.income", "pk": 9, "fields": {"user": 15, "amount": "10000.00", "description": "uioh", "date": "2025-07-15", "currency": "INR", "category": "Freelance", "created_at": "2025-08-23T13:33:12.466Z", "updated_at": "2025-08-24T11:36:58.304Z"}}, {"model": "project_app.income", "pk": 10, "fields": {"user": 15, "amount": "5000.00", "description": "ytsdyfghjk", "date": "2025-07-04", "currency": "INR", "category": "Investment", "created_at": "2025-08-23T13:33:42.434Z", "updated_at": "2025-08-24T11:36:58.304Z"}}, {"model": "project_app.income", "pk": 11, "fields": {"user": 15, "amount": "300.00", "description": "jipoho", "date": "2025-06-18", "currency": "INR", "category": "Salary", "created_at": "2025-08-23T13:34:13.363Z", "updated_at": "2025-08-24T11:36:58.304Z"}}, {"model": "project_app.income", "pk": 12, "fields": {"user": 14, "amount": "10000.00", "description": "fygfi", "date": "2025-08-24", "currency": "INR", "category": "Freelance", "created_at": "2025-08-24T16:42:27.134Z", "updated_at": "2025-08-24T16:42:27.134Z"}}, {"model": "project_app.income", "pk": 13, "fields": {"user": 14, "amount": "40.00", "description": "nice", "date": "2025-08-24", "currency": "INR", "category": "Salary", "created_at": "2025-08-24T16:50:37.042Z", "updated_at": "2025-08-24T16:50:37.042Z"}}, {"model": "project_app.income", "pk": 14, "fields": {"user": 15, "amount": "10000.00", "description": "yy", "date": "2025-08-24", "currency": "INR", "category": "Investment", "created_at": "2025-08-25T07:55:27.673Z", "updated_at": "2025-08-25T07:55:27.673Z"}}, {"model": "project_app.income", "pk": 16, "fields": {"user": 14, "amount": "500000.00", "description": "ohh", "date": "2025-10-12", "currency": "INR", "category": "Salary", "created_at": "2025-10-12T16:00:05.654Z", "updated_at": "2025-10-12T16:00:05.654Z"}}, {"model": "project_app.group", "pk": 2, "fields": {"name": "hackthon", "description": "", "group_type": "other", "created_by": 13, "created_at": "2025-08-09T08:57:41.188Z", "updated_at": "2025-08-09T08:57:41.188Z"}}, {"model": "project_app.group", "pk": 3, "fields": {"name": "xyz", "description": "abcd", "group_type": "other", "created_by": 15, "created_at": "2025-08-23T11:14:06.319Z", "updated_at": "2025-08-23T11:14:06.319Z"}}, {"model": "project_app.group", "pk": 5, "fields": {"name": "Hackthon", "description": "", "group_type": "other", "created_by": 15, "created_at": "2025-08-30T14:35:45.088Z", "updated_at": "2025-08-30T14:35:45.088Z"}}, {"model": "project_app.groupmember", "pk": 5, "fields": {"group": 2, "member": 13, "joined_at": "2025-08-09T08:57:41.195Z"}}, {"model": "project_app.groupmember", "pk": 6, "fields": {"group": 2, "member": 14, "joined_at": "2025-08-09T08:57:41.203Z"}}, {"model": "project_app.groupmember", "pk": 7, "fields": {"group": 2, "member": 5, "joined_at": "2025-08-09T08:57:41.210Z"}}, {"model": "project_app.groupmember", "pk": 8, "fields": {"group": 2, "member": 7, "joined_at": "2025-08-09T08:57:41.217Z"}}, {"model": "project_app.groupmember", "pk": 9, "fields": {"group": 3, "member": 15, "joined_at": "2025-08-23T11:14:06.326Z"}}, {"model": "project_app.groupmember", "pk": 10, "fields": {"group": 3, "member": 14, "joined_at": "2025-08-23T11:20:50.688Z"}}, {"model": "project_app.groupmember", "pk": 11, "fields": {"group": 3, "member": 5, "joined_at": "2025-08-23T11:20:57.163Z"}}, {"model": "project_app.groupmember", "pk": 12, "fields": {"group": 3, "member": 1, "joined_at": "2025-08-23T11:21:02.835Z"}}, {"model": "project_app.groupmember", "pk": 17, "fields": {"group": 5, "member": 15, "joined_at": "2025-08-30T14:35:45.099Z"}}, {"model": "project_app.groupmember", "pk": 18, "fields": {"group": 5, "member": 5, "joined_at": "2025-08-30T14:35:51.775Z"}}, {"model": "project_app.groupmember", "pk": 19, "fields": {"group": 5, "member": 14, "joined_at": "2025-08-30T14:36:00.267Z"}}, {"model": "project_app.groupmember", "pk": 20, "fields": {"group": 5, "member": 2, "joined_at": "2025-08-30T14:36:15.789Z"}}, {"model": "project_app.groupexpense", "pk": 4, "fields": {"group": 2, "paid_by": 5, "description": "a", "amount": "40.00", "date": "2025-08-09", "created_at": "2025-08-09T08:58:07.698Z", "included_members": [5, 7, 13, 14]}}, {"model": "project_app.groupexpense", "pk": 5, "fields": {"group": 2, "paid_by": 7, "description": "b", "amount": "50.00", "date": "2025-08-09", "created_at": "2025-08-09T08:58:52.373Z", "included_members": [5, 7, 13, 14]}}, {"model": "project_app.groupexpense", "pk": 6, "fields": {"group": 2, "paid_by": 14, "description": "auto", "amount": "360.00", "date": "2025-08-09", "created_at": "2025-08-09T09:29:38.325Z", "included_members": [5, 7, 13, 14]}}, {"model": "project_app.groupexpense", "pk": 7, "fields": {"group": 2, "paid_by": 13, "description": "riksha", "amount": "100.00", "date": "2025-08-09", "created_at": "2025-08-09T09:30:08.120Z", "included_members": [5, 7, 13, 14]}}, {"model": "project_app.groupexpense", "pk": 8, "fields": {"group": 2, "paid_by": 7, "description": "auto2", "amount": "270.00", "date": "2025-08-09", "created_at": "2025-08-09T09:30:45.738Z", "included_members": [5, 7, 13, 14]}}, {"model": "project_app.groupexpense", "pk": 9, "fields": {"group": 2, "paid_by": 5, "description": "eat", "amount": "500.00", "date": "2025-08-09", "created_at": "2025-08-09T09:31:17.571Z", "included_members": [5, 7, 13, 14]}}, {"model": "project_app.groupexpense", "pk": 10, "fields": {"group": 2, "paid_by": 14, "description": "auto3", "amount": "80.00", "date": "2025-08-09", "created_at": "2025-08-09T09:31:46.114Z", "included_members": [5, 13]}}, {"model": "project_app.groupexpense", "pk": 11, "fields": {"group": 3, "paid_by": 15, "description": "rwer", "amount": "100.00", "date": "2025-08-23", "created_at": "2025-08-23T11:27:27.527Z", "included_members": [1, 5, 14, 15]}}, {"model": "project_app.groupexpense", "pk": 12, "fields": {"group": 3, "paid_by": 5, "description": "hrt", "amount": "500.00", "date": "2025-08-23", "created_at": "2025-08-23T11:44:31.089Z", "included_members": [1, 5, 14, 15]}}, {"model": "project_app.groupexpense", "pk": 14, "fields": {"group": 5, "paid_by": 2, "description": "dmart", "amount": "432.00", "date": "2025-08-30", "created_at": "2025-08-30T14:36:38.051Z", "included_members": [2, 5, 14, 15]}}, {"model": "project_app.groupexpense", "pk": 15, "fields": {"group": 5, "paid_by": 5, "description": "auto dmart", "amount": "40.00", "date": "2025-08-30", "created_at": "2025-08-30T14:37:56.760Z", "included_members": [2, 5, 14, 15]}}, {"model": "project_app.groupexpense", "pk": 16, "fields": {"group": 5, "paid_by": 5, "description": "auto gcet", "amount": "60.00", "date": "2025-08-30", "created_at": "2025-08-30T14:38:27.864Z", "included_members": [2, 5, 14, 15]}}, {"model": "project_app.groupexpense", "pk": 17, "fields": {"group": 5, "paid_by": 5, "description": "auto g - vadatal", "amount": "40.00", "date": "2025-08-30", "created_at": "2025-08-30T14:39:10.832Z", "included_members": [2, 5, 14, 15]}}, {"model": "project_app.groupexpense", "pk": 18, "fields": {"group": 5, "paid_by": 5, "description": "auto v - v", "amount": "40.00", "date": "2025-08-30", "created_at": "2025-08-30T14:39:48.160Z", "included_members": [2, 5, 14, 15]}}, {"model": "project_app.groupexpensesplit", "pk": 10, "fields": {"expense": 4, "member": 5, "amount": "10.00"}}, {"model": "project_app.groupexpensesplit", "pk": 11, "fields": {"expense": 4, "member": 7, "amount": "10.00"}}, {"model": "project_app.groupexpensesplit", "pk": 12, "fields": {"expense": 4, "member": 13, "amount": "10.00"}}, {"model": "project_app.groupexpensesplit", "pk": 13, "fields": {"expense": 4, "member": 14, "amount": "10.00"}}, {"model": "project_app.groupexpensesplit", "pk": 14, "fields": {"expense": 5, "member": 5, "amount": "12.50"}}, {"model": "project_app.groupexpensesplit", "pk": 15, "fields": {"expense": 5, "member": 7, "amount": "12.50"}}, {"model": "project_app.groupexpensesplit", "pk": 16, "fields": {"expense": 5, "member": 13, "amount": "12.50"}}, {"model": "project_app.groupexpensesplit", "pk": 17, "fields": {"expense": 5, "member": 14, "amount": "12.50"}}, {"model": "project_app.groupexpensesplit", "pk": 18, "fields": {"expense": 6, "member": 5, "amount": "90.00"}}, {"model": "project_app.groupexpensesplit", "pk": 19, "fields": {"expense": 6, "member": 7, "amount": "90.00"}}, {"model": "project_app.groupexpensesplit", "pk": 20, "fields": {"expense": 6, "member": 13, "amount": "90.00"}}, {"model": "project_app.groupexpensesplit", "pk": 21, "fields": {"expense": 6, "member": 14, "amount": "90.00"}}, {"model": "project_app.groupexpensesplit", "pk": 22, "fields": {"expense": 7, "member": 5, "amount": "25.00"}}, {"model": "project_app.groupexpensesplit", "pk": 23, "fields": {"expense": 7, "member": 7, "amount": "25.00"}}, {"model": "project_app.groupexpensesplit", "pk": 24, "fields": {"expense": 7, "member": 13, "amount": "25.00"}}, {"model": "project_app.groupexpensesplit", "pk": 25, "fields": {"expense": 7, "member": 14, "amount": "25.00"}}, {"model": "project_app.groupexpensesplit", "pk": 26, "fields": {"expense": 8, "member": 5, "amount": "67.50"}}, {"model": "project_app.groupexpensesplit", "pk": 27, "fields": {"expense": 8, "member": 7, "amount": "67.50"}}, {"model": "project_app.groupexpensesplit", "pk": 28, "fields": {"expense": 8, "member": 13, "amount": "67.50"}}, {"model": "project_app.groupexpensesplit", "pk": 29, "fields": {"expense": 8, "member": 14, "amount": "67.50"}}, {"model": "project_app.groupexpensesplit", "pk": 30, "fields": {"expense": 9, "member": 5, "amount": "125.00"}}, {"model": "project_app.groupexpensesplit", "pk": 31, "fields": {"expense": 9, "member": 7, "amount": "125.00"}}, {"model": "project_app.groupexpensesplit", "pk": 32, "fields": {"expense": 9, "member": 13, "amount": "125.00"}}, {"model": "project_app.groupexpensesplit", "pk": 33, "fields": {"expense": 9, "member": 14, "amount": "125.00"}}, {"model": "project_app.groupexpensesplit", "pk": 34, "fields": {"expense": 10, "member": 5, "amount": "40.00"}}, {"model": "project_app.groupexpensesplit", "pk": 35, "fields": {"expense": 10, "member": 13, "amount": "40.00"}}, {"model": "project_app.groupexpensesplit", "pk": 36, "fields": {"expense": 11, "member": 1, "amount": "25.00"}}, {"model": "project_app.groupexpensesplit", "pk": 37, "fields": {"expense": 11, "member": 5, "amount": "25.00"}}, {"model": "project_app.groupexpensesplit", "pk": 38, "fields": {"expense": 11, "member": 14, "amount": "25.00"}}, {"model": "project_app.groupexpensesplit", "pk": 39, "fields": {"expense": 11, "member": 15, "amount": "25.00"}}, {"model": "project_app.groupexpensesplit", "pk": 40, "fields": {"expense": 12, "member": 1, "amount": "125.00"}}, {"model": "project_app.groupexpensesplit", "pk": 41, "fields": {"expense": 12, "member": 5, "amount": "125.00"}}, {"model": "project_app.groupexpensesplit", "pk": 42, "fields": {"expense": 12, "member": 14, "amount": "125.00"}}, {"model": "project_app.groupexpensesplit", "pk": 43, "fields": {"expense": 12, "member": 15, "amount": "125.00"}}, {"model": "project_app.groupexpensesplit", "pk": 48, "fields": {"expense": 14, "member": 2, "amount": "108.00"}}, {"model": "project_app.groupexpensesplit", "pk": 49, "fields": {"expense": 14, "member": 5, "amount": "108.00"}}, {"model": "project_app.groupexpensesplit", "pk": 50, "fields": {"expense": 14, "member": 14, "amount": "108.00"}}, {"model": "project_app.groupexpensesplit", "pk": 51, "fields": {"expense": 14, "member": 15, "amount": "108.00"}}, {"model": "project_app.groupexpensesplit", "pk": 52, "fields": {"expense": 15, "member": 2, "amount": "10.00"}}, {"model": "project_app.groupexpensesplit", "pk": 53, "fields": {"expense": 15, "member": 5, "amount": "10.00"}}, {"model": "project_app.groupexpensesplit", "pk": 54, "fields": {"expense": 15, "member": 14, "amount": "10.00"}}, {"model": "project_app.groupexpensesplit", "pk": 55, "fields": {"expense": 15, "member": 15, "amount": "10.00"}}, {"model": "project_app.groupexpensesplit", "pk": 56, "fields": {"expense": 16, "member": 2, "amount": "15.00"}}, {"model": "project_app.groupexpensesplit", "pk": 57, "fields": {"expense": 16, "member": 5, "amount": "15.00"}}, {"model": "project_app.groupexpensesplit", "pk": 58, "fields": {"expense": 16, "member": 14, "amount": "15.00"}}, {"model": "project_app.groupexpensesplit", "pk": 59, "fields": {"expense": 16, "member": 15, "amount": "15.00"}}, {"model": "project_app.groupexpensesplit", "pk": 60, "fields": {"expense": 17, "member": 2, "amount": "10.00"}}, {"model": "project_app.groupexpensesplit", "pk": 61, "fields": {"expense": 17, "member": 5, "amount": "10.00"}}, {"model": "project_app.groupexpensesplit", "pk": 62, "fields": {"expense": 17, "member": 14, "amount": "10.00"}}, {"model": "project_app.groupexpensesplit", "pk": 63, "fields": {"expense": 17, "member": 15, "amount": "10.00"}}, {"model": "project_app.groupexpensesplit", "pk": 64, "fields": {"expense": 18, "member": 2, "amount": "10.00"}}, {"model": "project_app.groupexpensesplit", "pk": 65, "fields": {"expense": 18, "member": 5, "amount": "10.00"}}, {"model": "project_app.groupexpensesplit", "pk": 66, "fields": {"expense": 18, "member": 14, "amount": "10.00"}}, {"model": "project_app.groupexpensesplit", "pk": 67, "fields": {"expense": 18, "member": 15, "amount": "10.00"}}]

